{
  "project_info": {
    "project_number": "803942183378",
    "firebase_url": "https://vidyaproject-8eeef.firebaseio.com",
    "project_id": "vidyaproject-8eeef",
    "storage_bucket": "vidyaproject-8eeef.appspot.com"
  },
  "client": [
    {
      "client_info": {
        "mobilesdk_app_id": "1:803942183378:android:3e8a2e0234fe0c1fb0980b",
        "android_client_info": {
          "package_name": "com.project.brightvidya.BrightVidya"
        }
      },
      "oauth_client": [
        {
          "client_id": "803942183378-boevblif1ngtp1nhqlgsbhv61fent5j0.apps.googleusercontent.com",
          "client_type": 1,
          "android_info": {
            "package_name": "com.project.brightvidya.BrightVidya",
            "certificate_hash": "2194e61fdc0c31200c5ef5bbf60a73a4c9fed61e"
          }
        },
        {
          "client_id": "803942183378-uc83861knvdcutuu0dsqh0plh6q5h7mg.apps.googleusercontent.com",
          "client_type": 3
        }
      ],
      "api_key": [
        {
          "current_key": "AIzaSyCKXhzemGLL7JFUsp4fW5HKtluMQGqLWAM"
        }
      ],
      "services": {
        "appinvite_service": {
          "other_platform_oauth_client": [
            {
              "client_id": "803942183378-uc83861knvdcutuu0dsqh0plh6q5h7mg.apps.googleusercontent.com",
              "client_type": 3
            }
          ]
        }
      }
    }
  ],
  "configuration_version": "1"
}